-- File just for test purposes only
-- we fill some rows with test data
-- it works just for H2 DB

insert into users (user_Id, user_Name, user_Phone, user_Password, user_Mail, user_Photo) values (1, 'Anrdew', '+380504434665', '12345', 'andrew@gmail.com', 'http://localhost:9000/UserPhotos/1.jpg')
insert into users (user_Id, user_Name, user_Phone, user_Password, user_Mail, user_Photo) values (2, 'Oleg', '+380685053223', '12345', 'oleg@gmail.com', 'http://localhost:9000/UserPhotos/2.jpg')
insert into users (user_Id, user_Name, user_Phone, user_Password, user_Mail, user_Photo) values (3, 'Marichka', '+380679984536', '12345', 'marichka@gmail.com', 'http://localhost:9000/UserPhotos/3.jpg')
insert into users (user_Id, user_Name, user_Phone, user_Password, user_Mail, user_Photo) values (4, 'Galynka', '+380503337744', '12345', 'galynka@gmail.com', 'http://localhost:9000/UserPhotos/4.jpg')
-- insert into user_token (user_token_id, user_token_user_id, user_token_refresh, user_token_refresh_to, user_token_access, user_token_access_to, user_token_external) values (1, 1, null, null, 'd7654464-da2c-4efc-ac38-b9cbb0011d1f', '2019-03-15T07:15:00', null )
-- insert into user_token (user_token_id, user_token_user_id, user_token_refresh, user_token_refresh_to, user_token_access, user_token_access_to, user_token_external) values (2, 2, null, null, 'fd220faf-cb9f-4e07-8510-0f325050e3cc', '2019-03-15T07:15:00', null )
insert into user_car (user_car_Id, user_car_user_id, user_car_Name, user_car_Colour, user_car_Photo) values (1, 1, 'Mercedes', 'Red', 'http://localhost:9000/carsPhotos/1_1.jpg')
insert into user_car (user_car_Id, user_car_user_id, user_car_Name, user_car_Colour, user_car_Photo) values (2, 1, 'Opel', 'Blue', 'http://localhost:9000/carsPhotos/2_1.jpg')
insert into user_car (user_car_Id, user_car_user_id, user_car_Name, user_car_Colour, user_car_Photo) values (3, 2, 'Cadillac', 'Blue', 'http://localhost:9000/carsPhotos/2_2.jpg')

insert into trip (TRIP_ID, TRIP_DATE_TIME, TRIP_user_CAR_ID, TRIP_USER_ID, TRIP_SITS_QTY, TRIP_IS_DELETED) values (1, '2019-03-15T07:15:00', 1, 1, 3, 0)
insert into trip (TRIP_ID, TRIP_DATE_TIME, TRIP_user_CAR_ID, TRIP_USER_ID, TRIP_SITS_QTY, TRIP_IS_DELETED) values (2, '2019-03-16T20:00:00', 2, 2, 4, 0)
insert into trip (TRIP_ID, TRIP_DATE_TIME, TRIP_user_CAR_ID, TRIP_USER_ID, TRIP_SITS_QTY, TRIP_IS_DELETED) values (3, '2019-03-16T20:00:00', null, 3, 1, 0)
insert into trip (TRIP_ID, TRIP_DATE_TIME, TRIP_user_CAR_ID, TRIP_USER_ID, TRIP_SITS_QTY, TRIP_IS_DELETED) values (4, '2019-03-16T20:00:00', null, 4, 2, 0)
-- insert into trip (TRIP_ID, TRIP_DATE_TIME, TRIP_CAR_ID, TRIP_USER_ID, TRIP_IS_FOR_DRIVER) values (1, '2019-03-15T07:15:00', 1, 1, 1)
-- insert into trip (TRIP_ID, TRIP_DATE_TIME, TRIP_CAR_ID, TRIP_USER_ID, TRIP_IS_FOR_DRIVER) values (2, '2019-03-16T20:00:00', 2, 2, 1)
-- insert into trip (TRIP_ID, TRIP_DATE_TIME, TRIP_CAR_ID, TRIP_USER_ID, TRIP_IS_FOR_DRIVER) values (3, '2019-03-16T20:00:00', null, 1, 0)
-- insert into trip (TRIP_ID, TRIP_DATE_TIME, TRIP_CAR_ID, TRIP_USER_ID, TRIP_IS_FOR_DRIVER) values (4, '2019-03-16T20:00:00', null, 2, 0)
-- insert into point (point_Id, point_Name_En, point_Name_Ru, point_Name_UA, point_Longitude, point_Latitude) values (1, 'DAN-IT', 'ДАН-АЙТИ', 'ДАН-АЙТІ', 30.593251, 50.429398)
-- insert into point (point_Id, point_Name_En, point_Name_Ru, point_Name_UA, point_Longitude, point_Latitude) values (3, 'ZHULYANI aeroport', 'аэропорт ЖУЛЯНЫ', 'аеропорт ім. Сікорського', 30.443301, 50.412050)
-- insert into point (point_Id, point_Name_En, point_Name_Ru, point_Name_UA, point_Longitude, point_Latitude) values (4, 'BORYSPIL', 'БОРИСПОЛЬ', 'БОРИСПІЛЬ', 30.956806, 50.348094)
-- insert into point (point_Id, point_Name_En, point_Name_Ru, point_Name_UA, point_Longitude, point_Latitude) values (5, 'IRPEN', 'ИРПЕНЬ', 'ІРПІНЬ', 30.239137, 50.518624)
-- insert into point (point_Id, point_Name_En, point_Name_Ru, point_Name_UA, point_Longitude, point_Latitude) values (6, 'BROVARY', 'БРОВАРЫ', 'БРОВАРИ', 30.797649, 50.505748)
-- insert into point (point_Id, point_Name_En, point_Name_Ru, point_Name_UA, point_Longitude, point_Latitude) values (7, 'VYSHNEVE', 'ВИШНЕВОЕ', 'ВИШНЕВЕ', 30.374559, 50.392563)
-- insert into point (point_Id, point_Name_En, point_Name_Ru, point_Name_UA, point_Longitude, point_Latitude) values (8, 'KHRESHATYK', 'КРЕЩАТИК', 'ХРЕЩАТИК', 30.522238, 50.447340)
-- insert into point (point_Id, point_Name_En, point_Name_Ru, point_Name_UA, point_Longitude, point_Latitude) values (2, 'PETROVKA', 'ПЕТРОВКА', 'ПОЧАЙНА', 30.497757, 50.486616)
insert into trip_point (TRIP_POINT_ID, TRIP_POINT_NAME, TRIP_POINT_LONGITUDE, TRIP_POINT_LATITUDE, TRIP_POINT_SEQUENCE, TRIP_POINT_TRIP_ID) values (1, 'Home', 30.593251, 50.429398, 1, 1)
insert into trip_point (TRIP_POINT_ID, TRIP_POINT_NAME, TRIP_POINT_LONGITUDE, TRIP_POINT_LATITUDE, TRIP_POINT_SEQUENCE, TRIP_POINT_TRIP_ID) values (2, 'аеропорт ім. Сікорського', 30.443301, 50.412050,2,1)
insert into trip_point (TRIP_POINT_ID, TRIP_POINT_NAME, TRIP_POINT_LONGITUDE, TRIP_POINT_LATITUDE, TRIP_POINT_SEQUENCE, TRIP_POINT_TRIP_ID) values (4, 'Sklozavod', 30.593251, 50.429398, 1, 2)
insert into trip_point (TRIP_POINT_ID, TRIP_POINT_NAME, TRIP_POINT_LONGITUDE, TRIP_POINT_LATITUDE, TRIP_POINT_SEQUENCE, TRIP_POINT_TRIP_ID) values (5, 'AkademGorodok', 30.522238, 50.447340,2,2)
insert into trip_point (TRIP_POINT_ID, TRIP_POINT_NAME, TRIP_POINT_LONGITUDE, TRIP_POINT_LATITUDE, TRIP_POINT_SEQUENCE, TRIP_POINT_TRIP_ID) values (7, 'аеропорт ім. Сікорського', 30.443301, 50.412050,2,4)
insert into trip_point (TRIP_POINT_ID, TRIP_POINT_NAME, TRIP_POINT_LONGITUDE, TRIP_POINT_LATITUDE, TRIP_POINT_SEQUENCE, TRIP_POINT_TRIP_ID) values (8, 'Work', 30.522238, 50.447340,3,4)
insert into trip_point (TRIP_POINT_ID, TRIP_POINT_NAME, TRIP_POINT_LONGITUDE, TRIP_POINT_LATITUDE, TRIP_POINT_SEQUENCE, TRIP_POINT_TRIP_ID) values (9, 'Sklozavod', 30.593251, 50.429398, 1, 3)
insert into trip_point (TRIP_POINT_ID, TRIP_POINT_NAME, TRIP_POINT_LONGITUDE, TRIP_POINT_LATITUDE, TRIP_POINT_SEQUENCE, TRIP_POINT_TRIP_ID) values (10, 'AkademGorodok', 30.52223, 50.4473408,2,3)
-- insert into TRIP_PASSENGER (TRIP_PASSENGER_ID, TRIP_PASSENGER_DRIVER_TRIP_ID,  	TRIP_PASSENGER_TRIP_ID,trip_Passenger_Empty_Sits_Qty) values (1, 1, 4, 1)
-- insert into TRIP_PASSENGER (TRIP_PASSENGER_ID, TRIP_PASSENGER_DRIVER_TRIP_ID,  	TRIP_PASSENGER_TRIP_ID,trip_Passenger_Empty_Sits_Qty) values (2, 2, 3, 2)
-- insert into feedback (FEEDBACK_ID, FEEDBACK_VALUE, FEEDBACK_DRIVER_TRIP_ID, FEEDBACK_PASSENGER_TRIP_ID) values (1, 1, 1, 4)
insert into roles (name) values ('ROLE_USER')
insert into roles (name) values ('ROLE_ADMIN')
insert into roles (name) values ('ROLE_PASSENGER')
insert into roles (name) values ('ROLE_DRIVER')